article_id,priority,working_title,keyword,language,market,intent,source_query_id,provenance,coverage_gap,proposed_path,next_step,publish_requirement,monthly_searches,difficulty
B01,P1,Robotics employers in Zurich and Lausanne,robotics companies Zurich Lausanne careers,en,Netherlands; targets Zurich or Lausanne,informational,p04-q05,synthetic persona hypothesis; not measured demand,No employer guide; remote report is not a Swiss robotics inventory,/en/blog/robotics-companies-zurich-lausanne,Company watchlist,"Verify local employers, career URLs, job families, working-language evidence and actual index coverage",,
B01,P1,Robotics employers in Zurich and Lausanne,robotics engineer Switzerland German required,en,Netherlands; targets Zurich or Lausanne,informational,p04-q09,synthetic persona hypothesis; not measured demand,No employer guide; remote report is not a Swiss robotics inventory,/en/blog/robotics-companies-zurich-lausanne,Company watchlist,"Verify local employers, career URLs, job families, working-language evidence and actual index coverage",,
B02,P1,Find roles without on-call: what the description must say,backend engineer jobs without on call,en,London; considering European product companies that employ remote workers based in the UK,commercial,p01-q05,synthetic persona hypothesis; not measured demand,No practical description-constraints guide,/en/blog/find-jobs-without-on-call,Narrowed,"Review explicit no-on-call, required on-call and unknown examples; live-test each proposed Narrowed request",,
B02,P1,Find roles without on-call: what the description must say,security engineer jobs no on call no SOC shifts,en,"Virginia, US; local hybrid or eligible US remote",informational,p18-q04,synthetic persona hypothesis; not measured demand,No practical description-constraints guide,/en/blog/find-jobs-without-on-call,Narrowed,"Review explicit no-on-call, required on-call and unknown examples; live-test each proposed Narrowed request",,
B02,P1,Find roles without on-call: what the description must say,job search filter out rotating shifts,en,"Virginia, US; local hybrid or eligible US remote",commercial,p18-q10,synthetic persona hypothesis; not measured demand,No practical description-constraints guide,/en/blog/find-jobs-without-on-call,Narrowed,"Review explicit no-on-call, required on-call and unknown examples; live-test each proposed Narrowed request",,
B03,P1,Does this remote job hire where you live?,how to tell if remote Europe jobs accept UK applicants,en,London; considering European product companies that employ remote workers based in the UK,informational,p01-q12,synthetic persona hypothesis; not measured demand,Remote market report mentions geography but does not resolve applicant eligibility,/en/blog/remote-job-country-restrictions,Watchlist plus source verification,"Separate remote mode, eligible country/state, timezone and contract; current employer sources; no immigration guarantees",,
B03,P1,Does this remote job hire where you live?,remote Europe job can I work from Portugal,en,Currently Portugal; wants Europe-compatible work from anywhere,informational,p09-q07,synthetic persona hypothesis; not measured demand,Remote market report mentions geography but does not resolve applicant eligibility,/en/blog/remote-job-country-restrictions,Watchlist plus source verification,"Separate remote mode, eligible country/state, timezone and contract; current employer sources; no immigration guarantees",,
B03,P1,Does this remote job hire where you live?,questions recruiter work from anywhere country policy,en,Currently Portugal; wants Europe-compatible work from anywhere,informational,p09-q12,synthetic persona hypothesis; not measured demand,Remote market report mentions geography but does not resolve applicant eligibility,/en/blog/remote-job-country-restrictions,Watchlist plus source verification,"Separate remote mode, eligible country/state, timezone and contract; current employer sources; no immigration guarantees",,
B03,P1,Does this remote job hire where you live?,offre télétravail Canada résidence Québec obligatoire,fr,"Montreal, Quebec; remote within Quebec/Canada",informational,p27-q05,synthetic persona hypothesis; not measured demand,Remote market report mentions geography but does not resolve applicant eligibility,/fr/blog/remote-job-country-restrictions,Watchlist plus source verification,"Separate remote mode, eligible country/state, timezone and contract; current employer sources; no immigration guarantees",,
B03,P1,Does this remote job hire where you live?,filtrer emplois télétravail Canada pas France,fr,"Montreal, Quebec; remote within Quebec/Canada",commercial,p27-q09,synthetic persona hypothesis; not measured demand,Remote market report mentions geography but does not resolve applicant eligibility,/fr/blog/remote-job-country-restrictions,Watchlist plus source verification,"Separate remote mode, eligible country/state, timezone and contract; current employer sources; no immigration guarantees",,
B03,P1,Does this remote job hire where you live?,remote support jobs hiring in my state,en,United States; state unspecified,commercial,p35-q07,synthetic persona hypothesis; not measured demand,Remote market report mentions geography but does not resolve applicant eligibility,/en/blog/remote-job-country-restrictions,Watchlist plus source verification,"Separate remote mode, eligible country/state, timezone and contract; current employer sources; no immigration guarantees",,
B03,P1,Does this remote job hire where you live?,does remote EMEA include South Africa job application,en,Resident in South Africa; seeks remote work from there,informational,p45-q06,synthetic persona hypothesis; not measured demand,Remote market report mentions geography but does not resolve applicant eligibility,/en/blog/remote-job-country-restrictions,Watchlist plus source verification,"Separate remote mode, eligible country/state, timezone and contract; current employer sources; no immigration guarantees",,
B03,P1,Does this remote job hire where you live?,questions recruiter remote job hiring from South Africa,en,Resident in South Africa; seeks remote work from there,informational,p45-q11,synthetic persona hypothesis; not measured demand,Remote market report mentions geography but does not resolve applicant eligibility,/en/blog/remote-job-country-restrictions,Watchlist plus source verification,"Separate remote mode, eligible country/state, timezone and contract; current employer sources; no immigration guarantees",,
B04,P1,Entreprises biotech en Suisse romande: où chercher selon son métier,biotech Lausanne technicien research associate différence,fr,"Lyon; considering Geneva, Lausanne and Basel",informational,p06-q09,synthetic persona hypothesis; not measured demand,No regional life-sciences employer guide,/fr/blog/biotech-employers-suisse-romande,Company watchlist,"Verify employer inventory and distinguish lab, R&D, QA and regulatory roles; primary directory plus original careers sources",,
B04,P1,Entreprises biotech en Suisse romande: où chercher selon son métier,emploi laboratoire Suisse CDI CDD,fr,"Lyon; considering Geneva, Lausanne and Basel",commercial,p06-q10,synthetic persona hypothesis; not measured demand,No regional life-sciences employer guide,/fr/blog/biotech-employers-suisse-romande,Company watchlist,"Verify employer inventory and distinguish lab, R&D, QA and regulatory roles; primary directory plus original careers sources",,
B05,P1,Climate-Tech-Arbeitgeber: Aufgaben und Wirkung prüfen,Klimajobs Arbeitgeber Greenwashing erkennen Nachhaltigkeitsbericht Karriere,de,Berlin,informational,p15-q05,synthetic persona hypothesis; not measured demand,No German climate employer or role-evidence guide,/de/blog/climate-tech-employers,Company watchlist,Original employer business and careers evidence; distinguish operational work from reporting; no impact ranking from slogans,,
B05,P1,Climate-Tech-Arbeitgeber: Aufgaben und Wirkung prüfen,climate tech companies Berlin operations jobs,en,Berlin,informational,p15-q06,synthetic persona hypothesis; not measured demand,No German climate employer or role-evidence guide,/en/blog/climate-tech-employers,Company watchlist,Original employer business and careers evidence; distinguish operational work from reporting; no impact ranking from slogans,,
B05,P1,Climate-Tech-Arbeitgeber: Aufgaben und Wirkung prüfen,sustainability analyst reporting versus operations role,en,Berlin,informational,p15-q09,synthetic persona hypothesis; not measured demand,No German climate employer or role-evidence guide,/en/blog/climate-tech-employers,Company watchlist,Original employer business and careers evidence; distinguish operational work from reporting; no impact ranking from slogans,,
B05,P1,Climate-Tech-Arbeitgeber: Aufgaben und Wirkung prüfen,Fragen Vorstellungsgespräch Nachhaltigkeit messbare Wirkung,de,Berlin,informational,p15-q11,synthetic persona hypothesis; not measured demand,No German climate employer or role-evidence guide,/de/blog/climate-tech-employers,Company watchlist,Original employer business and careers evidence; distinguish operational work from reporting; no impact ranking from slogans,,
B06,P1,Marketing o vendita? Come leggere le mansioni di un annuncio,annuncio marketing ma lavoro vendita come capire,it,Milan; Italy and Ticino considered,informational,p07-q07,synthetic persona hypothesis; not measured demand,No Italian guide to misleading role titles,/it/blog/marketing-o-vendita-annunci,Narrowed,Compare real marketing and sales responsibilities; test any prompt; use original excerpts and links,,
B07,P1,Organize applications and interview notes without losing context,Bewerbungen organisieren doppelte Bewerbungen vermeiden Job Tracker,de,Berlin; remote employment within Germany also acceptable,commercial,p02-q10,synthetic persona hypothesis; not measured demand,Landing page covers product intent; no detailed organization workflow,/de/blog/organize-job-applications-interview-notes,Application tracker,"Demonstrate saved-on-Job-Seek workflow, notes, stages and a manual spreadsheet alternative; no import/reminder promises",,
B07,P1,Organize applications and interview notes without losing context,job application tracker import spreadsheet interview notes,en,London; considers UK-compatible remote roles,commercial,p16-q06,synthetic persona hypothesis; not measured demand,Landing page covers product intent; no detailed organization workflow,/en/blog/organize-job-applications-interview-notes,Application tracker,"Demonstrate saved-on-Job-Seek workflow, notes, stages and a manual spreadsheet alternative; no import/reminder promises",,
B07,P1,Organize applications and interview notes without losing context,job application tracker spreadsheet vs app,en,London; considers UK-compatible remote roles,commercial,p16-q08,synthetic persona hypothesis; not measured demand,Landing page covers product intent; no detailed organization workflow,/en/blog/organize-job-applications-interview-notes,Application tracker,"Demonstrate saved-on-Job-Seek workflow, notes, stages and a manual spreadsheet alternative; no import/reminder promises",,
B07,P1,Organize applications and interview notes without losing context,organise notes multiple product manager interviews,en,London; considers UK-compatible remote roles,informational,p16-q10,synthetic persona hypothesis; not measured demand,Landing page covers product intent; no detailed organization workflow,/en/blog/organize-job-applications-interview-notes,Application tracker,"Demonstrate saved-on-Job-Seek workflow, notes, stages and a manual spreadsheet alternative; no import/reminder promises",,
B07,P1,Organize applications and interview notes without losing context,organiser candidatures UX designer entretiens,fr,Paris; remote within France acceptable,informational,p17-q12,synthetic persona hypothesis; not measured demand,Landing page covers product intent; no detailed organization workflow,/fr/blog/organize-job-applications-interview-notes,Application tracker,"Demonstrate saved-on-Job-Seek workflow, notes, stages and a manual spreadsheet alternative; no import/reminder promises",,
B07,P1,Organize applications and interview notes without losing context,suivi candidatures notes entretiens customer success,fr,"Montreal, Quebec; remote within Quebec/Canada",transactional,p27-q12,synthetic persona hypothesis; not measured demand,Landing page covers product intent; no detailed organization workflow,/fr/blog/organize-job-applications-interview-notes,Application tracker,"Demonstrate saved-on-Job-Seek workflow, notes, stages and a manual spreadsheet alternative; no import/reminder promises",,
B08,P2,"Junior job, experienced requirements: deciding what really matters",why do entry level developer jobs ask for 3 years experience,en,"Manchester, UK; willing to move to another UK city",informational,p03-q04,synthetic persona hypothesis; not measured demand,No entry-level requirements guide,/en/blog/junior-jobs-experience-requirements,Search then watchlist,"Manually classify required versus preferred experience and academic projects; separate jobs, internships and training",,
B08,P2,"Junior job, experienced requirements: deciding what really matters",do university coding projects count as experience for graduate jobs,en,"Manchester, UK; willing to move to another UK city",informational,p03-q05,synthetic persona hypothesis; not measured demand,No entry-level requirements guide,/en/blog/junior-jobs-experience-requirements,Search then watchlist,"Manually classify required versus preferred experience and academic projects; separate jobs, internships and training",,
B08,P2,"Junior job, experienced requirements: deciding what really matters",offre junior demande trois ans expérience data analyst,fr,Lyon and nearby commutable employers,informational,p11-q06,synthetic persona hypothesis; not measured demand,No entry-level requirements guide,/fr/blog/junior-jobs-experience-requirements,Search then watchlist,"Manually classify required versus preferred experience and academic projects; separate jobs, internships and training",,
B08,P2,"Junior job, experienced requirements: deciding what really matters",projets portfolio data analyst premier emploi,fr,Lyon and nearby commutable employers,informational,p11-q09,synthetic persona hypothesis; not measured demand,No entry-level requirements guide,/fr/blog/junior-jobs-experience-requirements,Search then watchlist,"Manually classify required versus preferred experience and academic projects; separate jobs, internships and training",,
B08,P2,"Junior job, experienced requirements: deciding what really matters",candidature data analyst junior sans expérience professionnelle,fr,Lyon and nearby commutable employers,informational,p11-q12,synthetic persona hypothesis; not measured demand,No entry-level requirements guide,/fr/blog/junior-jobs-experience-requirements,Search then watchlist,"Manually classify required versus preferred experience and academic projects; separate jobs, internships and training",,
B09,P2,80 Prozent: vier Tage oder fünf? Arbeitszeit in Anzeigen prüfen,Ingenieur 80 Prozent vier Tage oder fünf Tage,de,Near Stuttgart; commute up to 40 km,informational,p05-q09,synthetic persona hypothesis; not measured demand,No reduced-hours interpretation guide,/de/blog/part-time-hours-job-descriptions,Watchlist plus recruiter questions,"Explicit weekly hours, workdays, lab attendance and unknowns; reduced and compressed hours are different",,
B09,P2,80 Prozent: vier Tage oder fünf? Arbeitszeit in Anzeigen prüfen,Stellenanzeige Arbeitszeit nicht angegeben nachfragen,de,Near Stuttgart; commute up to 40 km,informational,p05-q12,synthetic persona hypothesis; not measured demand,No reduced-hours interpretation guide,/de/blog/part-time-hours-job-descriptions,Watchlist plus recruiter questions,"Explicit weekly hours, workdays, lab attendance and unknowns; reduced and compressed hours are different",,
B09,P2,80 Prozent: vier Tage oder fünf? Arbeitszeit in Anzeigen prüfen,electronics engineer Netherlands four day week 32 hours not compressed,en,Netherlands; Eindhoven area or feasible EU remote role,commercial,p42-q05,synthetic persona hypothesis; not measured demand,No reduced-hours interpretation guide,/en/blog/part-time-hours-job-descriptions,Watchlist plus recruiter questions,"Explicit weekly hours, workdays, lab attendance and unknowns; reduced and compressed hours are different",,
B09,P2,80 Prozent: vier Tage oder fünf? Arbeitszeit in Anzeigen prüfen,32 40 hours job can I work four days,en,Netherlands; Eindhoven area or feasible EU remote role,informational,p42-q07,synthetic persona hypothesis; not measured demand,No reduced-hours interpretation guide,/en/blog/part-time-hours-job-descriptions,Watchlist plus recruiter questions,"Explicit weekly hours, workdays, lab attendance and unknowns; reduced and compressed hours are different",,
B09,P2,80 Prozent: vier Tage oder fünf? Arbeitszeit in Anzeigen prüfen,questions recruiter 32 hour contract lab days,en,Netherlands; Eindhoven area or feasible EU remote role,informational,p42-q12,synthetic persona hypothesis; not measured demand,No reduced-hours interpretation guide,/en/blog/part-time-hours-job-descriptions,Watchlist plus recruiter questions,"Explicit weekly hours, workdays, lab attendance and unknowns; reduced and compressed hours are different",,
B10,P2,Pflege ohne Nachtdienst: welche Angaben wirklich zählen,Tagesklinik Pflege Arbeitszeiten Wochenende,de,Hamburg,informational,p12-q05,synthetic persona hypothesis; not measured demand,No schedule-evidence guide,/de/blog/pflege-ohne-nachtdienst-erkennen,Watchlist; Narrowed only after testing,Real nursing descriptions; do not infer no nights/weekends from Tagesklinik or outpatient labels,,
B10,P2,Pflege ohne Nachtdienst: welche Angaben wirklich zählen,Vorstellungsgespräch Pflege Fragen Dienstplan,de,Hamburg,informational,p12-q10,synthetic persona hypothesis; not measured demand,No schedule-evidence guide,/de/blog/pflege-ohne-nachtdienst-erkennen,Watchlist; Narrowed only after testing,Real nursing descriptions; do not infer no nights/weekends from Tagesklinik or outpatient labels,,
B11,P2,How much travel does this job actually require?,Swiss robotics startup engineer jobs travel requirements English,en,Netherlands; targets Zurich or Lausanne,commercial,p04-q07,synthetic persona hypothesis; not measured demand,No travel-requirements guide,/en/blog/check-travel-requirements-in-job-ads,Narrowed,"Compare explicit percentages, project travel, supplier audits and unstated travel; no assumptions from in-house title",,
B11,P2,How much travel does this job actually require?,Inhouse SAP Berater internationale Rollouts Reisetätigkeit,de,Germany,informational,p37-q08,synthetic persona hypothesis; not measured demand,No travel-requirements guide,/de/blog/check-travel-requirements-in-job-ads,Narrowed,"Compare explicit percentages, project travel, supplier audits and unstated travel; no assumptions from in-house title",,
B11,P2,How much travel does this job actually require?,SAP Consultant inhouse vs consulting travel,en,Germany,informational,p37-q10,synthetic persona hypothesis; not measured demand,No travel-requirements guide,/en/blog/check-travel-requirements-in-job-ads,Narrowed,"Compare explicit percentages, project travel, supplier audits and unstated travel; no assumptions from in-house title",,
B11,P2,How much travel does this job actually require?,SAP Stellen Reiseanteil nicht angegeben,de,Germany,informational,p37-q12,synthetic persona hypothesis; not measured demand,No travel-requirements guide,/de/blog/check-travel-requirements-in-job-ads,Narrowed,"Compare explicit percentages, project travel, supplier audits and unstated travel; no assumptions from in-house title",,
B11,P2,How much travel does this job actually require?,pharma quality assurance supplier audits travel percentage,en,Lives in Ticino; selectively considers Switzerland and northern Italy,informational,p50-q09,synthetic persona hypothesis; not measured demand,No travel-requirements guide,/en/blog/check-travel-requirements-in-job-ads,Narrowed,"Compare explicit percentages, project travel, supplier audits and unstated travel; no assumptions from in-house title",,
B11,P2,How much travel does this job actually require?,domande colloquio quality assurance orario trasferte,it,Lives in Ticino; selectively considers Switzerland and northern Italy,informational,p50-q11,synthetic persona hypothesis; not measured demand,No travel-requirements guide,/it/blog/check-travel-requirements-in-job-ads,Narrowed,"Compare explicit percentages, project travel, supplier audits and unstated travel; no assumptions from in-house title",,
B12,P2,Base salary or OTE? Read a sales job offer correctly,account executive advertised salary OTE or base,en,United Kingdom,informational,p34-q07,synthetic persona hypothesis; not measured demand,No compensation-semantics article,/en/blog/sales-job-base-salary-ote,Search then original posting,"Use real employer pay wording; distinguish guaranteed pay, variable compensation and ramp; current sources",,
B12,P2,Base salary or OTE? Read a sales job offer correctly,questions recruiter base salary commission ramp,en,United Kingdom,informational,p34-q12,synthetic persona hypothesis; not measured demand,No compensation-semantics article,/en/blog/sales-job-base-salary-ote,Search then original posting,"Use real employer pay wording; distinguish guaranteed pay, variable compensation and ramp; current sources",,
B13,P2,Is this job still open? Check the original listing,Stellenanzeige noch online aber Stelle schon besetzt,de,Berlin; remote employment within Germany also acceptable,informational,p02-q06,synthetic persona hypothesis; not measured demand,Indexing article explains pipeline; not a candidate-oriented freshness checklist,/de/blog/check-if-job-posting-is-open,Original source and watchlist,"Explain source date, first-seen time, reposting and closure; no ghost-job detection guarantee",,
B14,P2,Does an English job ad mean an English-speaking team?,robotics engineer Switzerland German required,en,Netherlands; targets Zurich or Lausanne,informational,p04-q09,synthetic persona hypothesis; not measured demand,No working-language evidence guide,/en/blog/job-ad-language-versus-working-language,Search and company watchlist,"Separate posting language, team language and customer-facing requirements; employer evidence and recruiter questions",,
B14,P2,Does an English job ad mean an English-speaking team?,Novartis research scientist English German required,en,"Lyon; considering Geneva, Lausanne and Basel",informational,p06-q08,synthetic persona hypothesis; not measured demand,No working-language evidence guide,/en/blog/job-ad-language-versus-working-language,Search and company watchlist,"Separate posting language, team language and customer-facing requirements; employer evidence and recruiter questions",,
B14,P2,Does an English job ad mean an English-speaking team?,semiconductor jobs English Dutch required Eindhoven,en,Netherlands; Eindhoven area or feasible EU remote role,commercial,p42-q10,synthetic persona hypothesis; not measured demand,No working-language evidence guide,/en/blog/job-ad-language-versus-working-language,Search and company watchlist,"Separate posting language, team language and customer-facing requirements; employer evidence and recruiter questions",,
B15,P2,Find apprenticeship employers before their next intake,Elektroniker Ausbildung Köln Ausbildungsbeginn Bewerbungsfrist 2027,de,Cologne and practical local commute,informational,p29-q04,synthetic persona hypothesis; not measured demand,No apprenticeship/employer-intake guide,/de/blog/apprenticeship-employers-application-windows,Watchlist,Separate Germany and Switzerland briefs and qualifications; confirm dates on original employer pages; alerts are not deadline reminders,,
B15,P2,Find apprenticeship employers before their next intake,kleine Elektrobetriebe Köln Ausbildung,de,Cologne and practical local commute,informational,p29-q06,synthetic persona hypothesis; not measured demand,No apprenticeship/employer-intake guide,/de/blog/apprenticeship-employers-application-windows,Watchlist,Separate Germany and Switzerland briefs and qualifications; confirm dates on original employer pages; alerts are not deadline reminders,,
B15,P2,Find apprenticeship employers before their next intake,KV Lehrstelle Zürich 2027 Bewerbungsfrist Lehrbeginn,de,"Zurich city/canton, Switzerland",informational,p32-q04,synthetic persona hypothesis; not measured demand,No apprenticeship/employer-intake guide,/de/blog/apprenticeship-employers-application-windows,Watchlist,Separate Germany and Switzerland briefs and qualifications; confirm dates on original employer pages; alerts are not deadline reminders,,
B15,P2,Find apprenticeship employers before their next intake,KV Lehrbetriebe Zürich kleine Firmen,de,"Zurich city/canton, Switzerland",informational,p32-q06,synthetic persona hypothesis; not measured demand,No apprenticeship/employer-intake guide,/de/blog/apprenticeship-employers-application-windows,Watchlist,Separate Germany and Switzerland briefs and qualifications; confirm dates on original employer pages; alerts are not deadline reminders,,
B16,Conditional,Job application tracker spreadsheet: downloadable workbook and guide,Bewerbungsübersicht Excel Vorlage kostenlos,de,Berlin; remote employment within Germany also acceptable,transactional,p02-q11,synthetic persona hypothesis; not measured demand,No downloadable template; tool landing page does not satisfy template intent,/de/blog/job-application-tracker-spreadsheet,Download plus optional tracker,Ship and test a usable XLSX/Sheets-compatible file before targeting template/download queries,,
B16,Conditional,Job application tracker spreadsheet: downloadable workbook and guide,job application tracker spreadsheet vs app,en,London; considers UK-compatible remote roles,commercial,p16-q08,synthetic persona hypothesis; not measured demand,No downloadable template; tool landing page does not satisfy template intent,/en/blog/job-application-tracker-spreadsheet,Download plus optional tracker,Ship and test a usable XLSX/Sheets-compatible file before targeting template/download queries,,
B17,P2,Companies recruiting graduates without a placement year,companies hiring computer science graduates without placement year,en,"Manchester, UK; willing to move to another UK city",informational,p03-q07,synthetic persona hypothesis; not measured demand,No maintained graduate-employer inventory,/en/blog/graduate-developer-employers,Company watchlist,"Verify real entry requirements, intake year, open windows and indexed company coverage",,
B17,P2,Companies recruiting graduates without a placement year,when do 2027 software graduate schemes open UK,en,"Manchester, UK; willing to move to another UK city",informational,p03-q08,synthetic persona hypothesis; not measured demand,No maintained graduate-employer inventory,/en/blog/graduate-developer-employers,Company watchlist,"Verify real entry requirements, intake year, open windows and indexed company coverage",,
B13,P2,Is this job still open? Check the original listing,how to check if a job posting is still open,en,Market-specific,informational,,prior priority-keywords.csv editorial seed; not measured demand,Indexing article explains pipeline; not a candidate-oriented freshness checklist,/en/blog/check-if-job-posting-is-open,Original source and watchlist,"Explain source date, first-seen time, reposting and closure; no ghost-job detection guarantee",,
B01,P1,Robotics employers in Zurich and Lausanne,robotics companies Zurich,en,Switzerland,informational,,prior priority-keywords.csv editorial seed; not measured demand,No employer guide; remote report is not a Swiss robotics inventory,/en/blog/robotics-companies-zurich-lausanne,Company watchlist,"Verify local employers, career URLs, job families, working-language evidence and actual index coverage",,
B01,P1,Robotics employers in Zurich and Lausanne,robotics companies Lausanne,en,Switzerland,informational,,prior priority-keywords.csv editorial seed; not measured demand,No employer guide; remote report is not a Swiss robotics inventory,/en/blog/robotics-companies-zurich-lausanne,Company watchlist,"Verify local employers, career URLs, job families, working-language evidence and actual index coverage",,
B02,P1,Find roles without on-call: what the description must say,how to find jobs without on call,en,UK / US separately,informational,,prior priority-keywords.csv editorial seed; not measured demand,No practical description-constraints guide,/en/blog/find-jobs-without-on-call,Narrowed,"Review explicit no-on-call, required on-call and unknown examples; live-test each proposed Narrowed request",,
B04,P1,Entreprises biotech en Suisse romande: où chercher selon son métier,entreprises biotech Suisse romande,fr,Switzerland,informational,,prior priority-keywords.csv editorial seed; not measured demand,No regional life-sciences employer guide,/fr/blog/biotech-employers-suisse-romande,Company watchlist,"Verify employer inventory and distinguish lab, R&D, QA and regulatory roles; primary directory plus original careers sources",,
B04,P1,Entreprises biotech en Suisse romande: où chercher selon son métier,entreprises pharmaceutiques Genève Lausanne,fr,Switzerland,informational,,prior priority-keywords.csv editorial seed; not measured demand,No regional life-sciences employer guide,/fr/blog/biotech-employers-suisse-romande,Company watchlist,"Verify employer inventory and distinguish lab, R&D, QA and regulatory roles; primary directory plus original careers sources",,
B05,P1,Climate-Tech-Arbeitgeber: Aufgaben und Wirkung prüfen,Climate Tech Unternehmen Deutschland,de,Germany,informational,,prior priority-keywords.csv editorial seed; not measured demand,No German climate employer or role-evidence guide,/de/blog/climate-tech-employers,Company watchlist,Original employer business and careers evidence; distinguish operational work from reporting; no impact ranking from slogans,,
