priority,cluster,keyword,language,market_to_validate,intent,proposed_page,persona_examples,publication_condition,provenance,monthly_searches,organic_difficulty,cpc
P0,company alerts,job alerts for specific companies,en,UK; US; Europe separately,commercial,/en/job-alerts,p01;p19;p22;p37,"Show real coverage, multi-company saved search, alert sample and limits",research seed; not measured query demand,,,
P0,company alerts,job alerts multiple companies,en,UK; US; Europe separately,commercial,/en/job-alerts,p01;p19;p22;p37,"Show real coverage, multi-company saved search, alert sample and limits",research seed; not measured query demand,,,
P0,company alerts,get notified when a company posts a job,en,UK; US; Europe separately,commercial,/en/job-alerts,p01;p19;p22;p37,"Show real coverage, multi-company saved search, alert sample and limits",research seed; not measured query demand,,,
P0,career-page monitoring,monitor company career pages,en,UK; US; Europe separately,commercial,/en/job-alerts,p01;p04;p19;p22,Consolidate with alerts page initially; verify monitoring/timestamp claims,research seed; not measured query demand,,,
P0,career-page monitoring,career page job alerts,en,UK; US; Europe separately,commercial,/en/job-alerts,p01;p04;p19;p22,Consolidate with alerts page initially; verify monitoring/timestamp claims,research seed; not measured query demand,,,
P0,career-page monitoring,track new jobs at target companies,en,UK; US; Europe separately,commercial,/en/job-alerts,p01;p04;p19;p22,Consolidate with alerts page initially; verify monitoring/timestamp claims,research seed; not measured query demand,,,
P0,alert methods,how to get job alerts from company websites,en,UK; US; Europe separately,informational,/en/blog/job-alerts-from-company-career-pages,p01;p03;p19,Actually test methods; acknowledge LinkedIn and native-company alternatives,research seed; not measured query demand,,,
P0,alert methods,LinkedIn job alerts for specific companies,en,UK; US; Europe separately,informational,/en/blog/job-alerts-from-company-career-pages,p01;p03;p19,Actually test methods; acknowledge LinkedIn and native-company alternatives,research seed; not measured query demand,,,
P0,company alerts,Job Alarm für bestimmte Unternehmen,de,Germany; Switzerland separately,commercial,/de/job-alerts,p05;p19;p37;p50,Native wording review and German/Swiss employer coverage,research seed; not measured query demand,,,
P0,company alerts,Jobbenachrichtigungen bestimmte Firmen,de,Germany; Switzerland separately,commercial,/de/job-alerts,p05;p19;p37;p50,Native wording review and German/Swiss employer coverage,research seed; not measured query demand,,,
P0,company alerts,alerte emploi entreprise,fr,France; Switzerland; Quebec separately,commercial,/fr/job-alerts,p06;p15;p27;p38,Native wording and market-specific supply; do not conflate French with France,research seed; not measured query demand,,,
P0,company alerts,suivre les offres d’une entreprise,fr,France; Switzerland; Quebec separately,commercial,/fr/job-alerts,p06;p15;p27;p38,Native wording and market-specific supply; do not conflate French with France,research seed; not measured query demand,,,
P0,company alerts,avvisi lavoro aziende specifiche,it,Italy; Ticino separately,commercial,/it/job-alerts,p07;p30;p50,Native review; multi-company alert walkthrough; actual coverage,research seed; not measured query demand,,,
P0,company alerts,notifiche nuove offerte aziende,it,Italy; Ticino separately,commercial,/it/job-alerts,p07;p30;p50,Native review; multi-company alert walkthrough; actual coverage,research seed; not measured query demand,,,
P1,application organization,free job application tracker,en,UK; US; Canada separately,commercial,/en/job-application-tracker,p02;p03;p16;p33,Disclose supported indexed-job scope; do not promise arbitrary imports or reminders,research seed; not measured query demand,,,
P1,application organization,track job applications and interviews,en,UK; US; Canada separately,commercial,/en/job-application-tracker,p02;p03;p16;p33,Disclose supported indexed-job scope; do not promise arbitrary imports or reminders,research seed; not measured query demand,,,
P1,application organization,job application tracker with interview notes,en,UK; US; Canada separately,commercial,/en/job-application-tracker,p02;p03;p16;p33,Disclose supported indexed-job scope; do not promise arbitrary imports or reminders,research seed; not measured query demand,,,
P1,application organization,Bewerbungen organisieren kostenlos,de,Germany; Switzerland separately,commercial,/de/job-application-tracker,p02;p47,Show scoped workflow; do not imply downloadable template unless provided,research seed; not measured query demand,,,
P1,application organization,Bewerbungsübersicht online,de,Germany; Switzerland separately,commercial,/de/job-application-tracker,p02;p47,Show scoped workflow; do not imply downloadable template unless provided,research seed; not measured query demand,,,
P1,application organization,suivi candidatures,fr,France; Quebec separately,commercial,/fr/job-application-tracker,p11;p17;p23;p27,Candidate-owned indexed-job workflow; not coach/team administration,research seed; not measured query demand,,,
P1,application organization,organiser sa recherche d’emploi,fr,France; Quebec separately,commercial,/fr/job-application-tracker,p11;p17;p23;p27,Candidate-owned indexed-job workflow; not coach/team administration,research seed; not measured query demand,,,
P1,application organization,organizzare candidature lavoro,it,Italy; Ticino separately,commercial,/it/job-application-tracker,p07;p36;p50,Native review; supported save/status/interview steps,research seed; not measured query demand,,,
P1,application organization,monitorare candidature,it,Italy; Ticino separately,commercial,/it/job-application-tracker,p07;p36;p50,Native review; supported save/status/interview steps,research seed; not measured query demand,,,
P1,employer discovery,robotics companies Zurich,en,Switzerland,informational,/en/blog/robotics-companies-zurich-lausanne,p04;p42,"Verify employers, careers links, coverage, languages and actual role types",research seed; not measured query demand,,,
P1,employer discovery,robotics companies Lausanne,en,Switzerland,informational,/en/blog/robotics-companies-zurich-lausanne,p04;p42,"Verify employers, careers links, coverage, languages and actual role types",research seed; not measured query demand,,,
P1,employer discovery,Klimaschutz Unternehmen Jobs,de,Germany,informational,/de/blog/climate-tech-employers,p15;p48,Verify business/mission evidence; no greenwashing or hiring guarantees,research seed; not measured query demand,,,
P1,employer discovery,Climate Tech Unternehmen Deutschland,de,Germany,informational,/de/blog/climate-tech-employers,p15;p48,Verify business/mission evidence; no greenwashing or hiring guarantees,research seed; not measured query demand,,,
P1,employer discovery,entreprises biotech Suisse romande,fr,Switzerland,informational,/fr/blog/biotech-employers-suisse-romande,p06;p50,"Verify regional inventory; distinguish lab, quality and regulatory roles",research seed; not measured query demand,,,
P1,employer discovery,entreprises pharmaceutiques Genève Lausanne,fr,Switzerland,informational,/fr/blog/biotech-employers-suisse-romande,p06;p50,"Verify regional inventory; distinguish lab, quality and regulatory roles",research seed; not measured query demand,,,
P1,description constraints,backend engineer jobs without on call,en,UK; US separately,mixed informational/transactional,/en/blog/find-jobs-without-on-call,p01;p18,Informational query fits guide; pure jobs query requires live supply; explicit/unknown evidence,research seed; not measured query demand,,,
P1,description constraints,how to find jobs without on call,en,UK; US separately,mixed informational/transactional,/en/blog/find-jobs-without-on-call,p01;p18,Informational query fits guide; pure jobs query requires live supply; explicit/unknown evidence,research seed; not measured query demand,,,
P1,remote eligibility,remote Europe jobs UK applicants,en,UK and Europe,informational,/en/blog/remote-job-country-restrictions,p01;p08;p09;p45,Source requirements not immigration advice; do not assert worldwide eligibility,research seed; not measured query demand,,,
P1,remote eligibility,how to tell if a remote job accepts my country,en,UK and Europe,informational,/en/blog/remote-job-country-restrictions,p01;p08;p09;p45,Source requirements not immigration advice; do not assert worldwide eligibility,research seed; not measured query demand,,,
P1,working language,English speaking robotics companies Switzerland,en,Switzerland,informational,/en/blog/robotics-companies-zurich-lausanne,p04;p06;p20,Posting language is not proof of team working language,research seed; not measured query demand,,,
P2,entry level,graduate software developer jobs no experience,en,UK,mixed informational/transactional,/en/blog/graduate-developer-employers,p03;p29;p32,"Verify actual junior requirements, intakes and coverage; jobs query needs real vacancies",research seed; not measured query demand,,,
P2,entry level,companies hiring computer science graduates,en,UK,mixed informational/transactional,/en/blog/graduate-developer-employers,p03;p29;p32,"Verify actual junior requirements, intakes and coverage; jobs query needs real vacancies",research seed; not measured query demand,,,
P2,career change,data analyst junior sans expérience,fr,France,mixed informational/transactional,/fr/blog/first-data-analyst-role,p11,Employer requirements and vacancies; no course funnel or qualification guarantee,research seed; not measured query demand,,,
P2,predictable schedules,Pflege Hamburg ohne Nachtdienst,de,Hamburg Germany,transactional,TBD after local supply review,p12;p38,Clinic label does not prove shift pattern; verify actual employer rota wording,research seed; not measured query demand,,,
P2,predictable schedules,Pflege Tagesklinik Hamburg Stellenangebote,de,Hamburg Germany,transactional,TBD after local supply review,p12;p38,Clinic label does not prove shift pattern; verify actual employer rota wording,research seed; not measured query demand,,,
P2,reduced hours,Ingenieur Teilzeit 80 Prozent Stuttgart,de,Stuttgart Germany,transactional,TBD after local supply review,p05;p42,Real senior part-time supply; clarify reduced vs compressed hours,research seed; not measured query demand,,,
P2,freshness research,how to check if a job posting is still open,en,Market-specific,informational,/en/blog/check-if-job-posting-is-open,p02;p07;p13;p21,Source recheck and timestamp definitions; no ghost-job guarantee,research seed; not measured query demand,,,
P2,comparison,job tracker vs spreadsheet,en,UK; US separately,commercial,Separate comparison only after hands-on evaluation,p01;p16;p19,Test both workflows; disclose imports and competitors’ real features,research seed; not measured query demand,,,
P2,comparison,LinkedIn job alerts alternative,en,UK; US separately,commercial,Separate comparison only after hands-on evaluation,p01;p16;p19,Test both workflows; disclose imports and competitors’ real features,research seed; not measured query demand,,,
P2 separate audience,developer integration,MCP server job search,en,Global,technical,Developer guide linking existing MCP/OpenAPI,p24,"Existing interfaces verified; document limits, allowed use, examples; separate conversion funnel",research seed; not measured query demand,,,
P2 separate audience,developer integration,job search API filters,en,Global,technical,Developer guide linking existing MCP/OpenAPI,p24,"Existing interfaces verified; document limits, allowed use, examples; separate conversion funnel",research seed; not measured query demand,,,
Exclude until capability exists,unsupported automation,apply to jobs automatically,en,Global,commercial,Do not target,p03;p16;p33,Requested function not demonstrated,research seed; not measured query demand,,,
Exclude until capability exists,unsupported automation,job tracker no signup,en,Global,commercial,Do not target,p03;p16;p33,Requested function not demonstrated,research seed; not measured query demand,,,
Exclude until capability exists,unsupported automation,import all LinkedIn applications,en,Global,commercial,Do not target,p03;p16;p33,Requested function not demonstrated,research seed; not measured query demand,,,
Exclude as promise,unsupported certainty,guaranteed visa sponsorship jobs,en,Global,commercial,Do not target these guarantees,p08;p09;p45,Description/indexing cannot guarantee employer eligibility or permission,research seed; not measured query demand,,,
Exclude as promise,unsupported certainty,remote jobs work from any country,en,Global,commercial,Do not target these guarantees,p08;p09;p45,Description/indexing cannot guarantee employer eligibility or permission,research seed; not measured query demand,,,
