slug,logo_url,icon_url,logo_sha256,icon_sha256
2020-companies,https://jobseek-assets.colophon-group.org/companies/2020-companies/logo-0a4ec0fce97032c4fd08a4f8937a80ce0011813e8cecb4a15fc0e6ef353a60df.png,https://jobseek-assets.colophon-group.org/companies/2020-companies/icon-7f7d460318017167fc82276063f23271731fab4b9a8a76f5d10261a41e4227fb.webp,0a4ec0fce97032c4fd08a4f8937a80ce0011813e8cecb4a15fc0e6ef353a60df,7f7d460318017167fc82276063f23271731fab4b9a8a76f5d10261a41e4227fb
alibaba,https://jobseek-assets.colophon-group.org/companies/alibaba/logo.png,https://jobseek-assets.colophon-group.org/companies/alibaba/icon.webp,333d72d7220c70e0421f9d7739dbaed975740422e6701c8523d1568f3f9303a6,a1bb5c9053697b64610870545bb0df35ebf22e6846a8559a9c4986ed2d07449c
american-college-of-obstetricians-and-gynecologists,https://jobseek-assets.colophon-group.org/companies/american-college-of-obstetricians-and-gynecologists/logo.png,https://jobseek-assets.colophon-group.org/companies/american-college-of-obstetricians-and-gynecologists/icon.webp,463d354db13df897bdf84887c9f7e04098b24a9c32aff209739ad9b21bcc0268,c0e47d66414c1212d1102d5aae787af378dfad4f75e3afb4c5183a06481aada6
bayer,https://jobseek-assets.colophon-group.org/companies/bayer/logo.svg,https://jobseek-assets.colophon-group.org/companies/bayer/icon.webp,2ff335197e1d1ed028e897e64b414e85f4ebdd826aa9009d8c32dda53d9911d4,b262a27c3965a69be8a10b115f8911c5fbd583f0333e175c9ef8960854655174
citian,https://jobseek-assets.colophon-group.org/companies/citian/logo.png,https://jobseek-assets.colophon-group.org/companies/citian/icon.webp,0c976ea2d96af26c575ed65ae4f32ecc4974ff3856de54580dbd353e3b5ec7c1,b1e3ef18a173fbb2731d99b9984cc7a68390f7458aecd1fc8ca461b7f00b1c96
clerk-chat,https://jobseek-assets.colophon-group.org/companies/clerk-chat/logo.svg,https://jobseek-assets.colophon-group.org/companies/clerk-chat/icon.webp,e7e6e82ab310ebaf446053b84b47d24d8635ea6eb526bb2826412c0f5fe80c5b,d480944668e40a36f2f583eaf7b104b5ca3ffba5d7fa90f005765c6af9421af6
climate-finance-solutions,https://jobseek-assets.colophon-group.org/companies/climate-finance-solutions/logo.png,https://jobseek-assets.colophon-group.org/companies/climate-finance-solutions/icon.webp,c0c0290510d28231dbcb10e9c5a23b7d524c5b7e237f0dfc1bc92288645a4b01,900fe407d6260fcd3b697570bfe1fd8da673042f5d79e324f9690441e3820496
contentstack,https://jobseek-assets.colophon-group.org/companies/contentstack/logo.webp,https://jobseek-assets.colophon-group.org/companies/contentstack/icon.webp,15e9df69ebc54782c38bbc6e73f3e7ff89970ab0279dc4ab130c374d6e47b967,32c03c4460b4d341696b486f0bcec25d4fe1797cd37e418b6ec7855838c58dec
desmos,https://jobseek-assets.colophon-group.org/companies/desmos/logo.png,https://jobseek-assets.colophon-group.org/companies/desmos/icon.webp,fc9844682bad49ba9c9c887f9cb834c86e2f82e819a48eaf33814c33e03eda04,0608010513cddb376e1dfdaba9fb39a9c3566801779c4d49b23903c9a4e64b65
dominos,https://jobseek-assets.colophon-group.org/companies/dominos/logo.png,https://jobseek-assets.colophon-group.org/companies/dominos/icon.webp,b76cf7eb21189e99fa1c2525953a69fff70a891d8485e41a70e87081d3f584aa,cf2dcbf2d83e0a851fb36bb0f77b28849abafa5e4615607bb7d824cc793440c0
five-rings-llc-events,https://jobseek-assets.colophon-group.org/companies/five-rings-llc-events/logo.png,https://jobseek-assets.colophon-group.org/companies/five-rings-llc-events/icon.webp,edb8c4f058f066a231aa2da02d7a2fb9eb12c3b520b4763afe16a74210711a58,76e9380b91e4ba52cf7bf683361cd79a000670359b30e8fc394d66e8b4f3392e
flock-homes,https://jobseek-assets.colophon-group.org/companies/flock-homes/logo.png,https://jobseek-assets.colophon-group.org/companies/flock-homes/icon.webp,745875019d4b3d5dacc2e672cd596af4bcedb084424e2a623717f96014789a4a,14283d366937a8b41135d371e3ec719a96622a6cc89f4c7b07d39bed1659a663
fries-gruppe,https://jobseek-assets.colophon-group.org/companies/fries-gruppe/logo.png,https://jobseek-assets.colophon-group.org/companies/fries-gruppe/icon.webp,9ff24bc08551fa584575c8985bfa6dd5731e42424ac59c58b788e3fc1d06d0cf,3fb0d03bd196faab34f33711d820a8d1d4723b45db936f67039227c6b9e3ed9f
galileo,https://jobseek-assets.colophon-group.org/companies/galileo/logo.png,https://jobseek-assets.colophon-group.org/companies/galileo/icon.webp,d6be8497a5b0ddba1d890a7b9d46314ad0d1863a48760984dd431f409c283274,6ce7471350194ba9ca22d0eef41fa71d0d1ab8cb072a53ffcc3e856a9be3f1a6
gallup,https://jobseek-assets.colophon-group.org/companies/gallup/logo.png,https://jobseek-assets.colophon-group.org/companies/gallup/icon.webp,701998eea90c5af0a3581702f54abe571919d0543cabe8b70d4b7e98f80692bd,618d7dcd3857b11c1d24e5847287f2e44217063986cab4d2bbad18a654396b7e
gsa-capital,https://jobseek-assets.colophon-group.org/companies/gsa-capital/logo.png,https://jobseek-assets.colophon-group.org/companies/gsa-capital/icon.webp,1e7dd6feaedfd85dfb7838bda168bd89b5237fb6fc345f0e3d5d94b54d34e9d3,d832945104819432d57169e586266a17def95b768e30763a7a609f3d77de2333
hive,https://jobseek-assets.colophon-group.org/companies/hive/logo.png,https://jobseek-assets.colophon-group.org/companies/hive/icon.webp,df9a5fd735c6722d4ed90da19f58605c5c4984fcca477eaf0a677897af5b05a0,de9f1f758f4525eb892ab66fe6c9812d4b3653f88b0f77a20af8265f26bbb811
imago-stock-people-gmbh,https://jobseek-assets.colophon-group.org/companies/imago-stock-people-gmbh/logo.png,https://jobseek-assets.colophon-group.org/companies/imago-stock-people-gmbh/icon.webp,1f0fac40e93eef3000dd668f762f716c6cf4c87d89d9d86b16bd8a1b34bd9566,c6bd9c02816d4e7fd734a6378147686b4a2ffa3c5fbe91603899a437fb1c7f02
jellyfish,https://jobseek-assets.colophon-group.org/companies/jellyfish/logo.jpg,https://jobseek-assets.colophon-group.org/companies/jellyfish/icon.webp,aa3f3008f69889d94663f4f7d6d31f7a5938cdeab6f0b831364f8a304464e2e8,2c71766ff0721919f5098811ab99189c9e204797695faee2d239ad726d77de8b
larkin-street-youth-services,https://jobseek-assets.colophon-group.org/companies/larkin-street-youth-services/logo.png,https://jobseek-assets.colophon-group.org/companies/larkin-street-youth-services/icon.webp,1235f65356e078c20291d82e74218d6a6045ee4d4ed75c18bed26a349e213f44,1f3a68e880124dce5adbeccff6b754ab568f4f15a4aa4ced2843ddb522b35061
minitab,https://jobseek-assets.colophon-group.org/companies/minitab/logo.png,https://jobseek-assets.colophon-group.org/companies/minitab/icon.webp,3fd74f18c4d5df854c62cb41b3247c71d2f3e26a85687cb1bed58792b8e5f2be,819fc1a914f99b3fe0f2bb638f53031ac6bd8fddd99778852c578bd83109873e
papa,https://jobseek-assets.colophon-group.org/companies/papa/logo.png,https://jobseek-assets.colophon-group.org/companies/papa/icon.webp,5ab39b0570014627d9d2dc332549eb6c7c4048f31f289d5120c83e4fc2cb9227,9f5f336e644d9764e89f098a0c0ea939e9f4a2ed61c18a70037c6c11e40872b2
penny-cz,https://jobseek-assets.colophon-group.org/companies/penny-cz/logo.svg,https://jobseek-assets.colophon-group.org/companies/penny-cz/icon.webp,2fda22f8897dc50460d213447ade836d4ff65396cef7e8ab7894d37f66c1eb34,34a3d08b91869f62f7413ded92a56d1f330f5186b7f509a3691b994ffe5567a4
rockstar-games,https://jobseek-assets.colophon-group.org/companies/rockstar-games/logo.png,https://jobseek-assets.colophon-group.org/companies/rockstar-games/icon.webp,5882eb239a34a344bc223fa220a3039bc4e3a539d7846268f50b5163a5f7138f,cc5b92df55c637c61ab69779f467eebaacdf320347602704338a1c1d3ac6a11d
sterlington-pllc,https://jobseek-assets.colophon-group.org/companies/sterlington-pllc/logo.png,https://jobseek-assets.colophon-group.org/companies/sterlington-pllc/icon.webp,b4ff489830a97c57c123aa4517b166b187dfaa6691da8ea67f4cf407a17727d5,e9b10ceda1d6dd33ba46484a16b78aeac17318db4eddf22ea62903b8f9e2b2a3
tonal,https://jobseek-assets.colophon-group.org/companies/tonal/logo.png,https://jobseek-assets.colophon-group.org/companies/tonal/icon.webp,01f6ad4910f00bc1a3b3fad1b1539ae1d6409b14df7b1a42208ef24a34929172,8d4362894e75bb3b5046cb204a9ad737509679ed046cf8c3500f58135afec0f6
trustly,https://jobseek-assets.colophon-group.org/companies/trustly/logo.png,https://jobseek-assets.colophon-group.org/companies/trustly/icon.webp,852d651e0f99b8c2e73f530bae57efcda4320843f19fbc3b0370c59bde5a5f0c,5eff4207ed0d61ef72ad59703bd7cdf17e4bb94447c6ce4028ee50efc1409fa1
visana,https://jobseek-assets.colophon-group.org/companies/visana/logo-eb159bba3adbb38c21fe7c1c94a15e6e99567b59b57d7dcbd4fd00ba6f1542c9.png,https://jobseek-assets.colophon-group.org/companies/visana/icon-4c260f5b1f9f413e1e49f84cd1b33389442c818038432604365fc16681bcfe34.webp,eb159bba3adbb38c21fe7c1c94a15e6e99567b59b57d7dcbd4fd00ba6f1542c9,4c260f5b1f9f413e1e49f84cd1b33389442c818038432604365fc16681bcfe34
woo-x,https://jobseek-assets.colophon-group.org/companies/woo-x/logo.ico,https://jobseek-assets.colophon-group.org/companies/woo-x/icon.webp,2bc8562a30a05a4d229cab129da5f37c1cc709919f850bf311707550812c92c9,4163b6c0b1aeaa8ba42bdbcfe07aef7784b4ed9b851b1456ea7072dbb0dbeb16
